{"Train Loss": 611.3668273799121, "train_acc": 165240.625, "_timestamp": 1711736936.4374604, "_runtime": 51.938345432281494, "_step": 5624, "_wandb": {"runtime": 323}}