{"Train Loss": 0.3182256817817688, "_timestamp": 1711725363.6934316, "_runtime": 41.246577501297, "_step": 5624, "_wandb": {"runtime": 40}}