{"Train Loss": 690.1832661107183, "train_acc": 162418.75, "_timestamp": 1711726077.1662076, "_runtime": 225.79420161247253, "_step": 11249, "_wandb": {"runtime": 159}}